Model,Algorithm,RCB_Sınıfı,Precision,Recall,F1_Score,AUC,Specificity
Model P,RandomForest,RCB-0,0.42857142857142855,0.5,0.46153846153846156,0.7887731481481481,0.75
Model P,RandomForest,RCB-1,0.16666666666666666,0.14285714285714285,0.15384615384615385,0.37409200968523,0.9152542372881356
Model P,RandomForest,RCB-2,0.36363636363636365,0.27586206896551724,0.3137254901960784,0.46411929170549865,0.6216216216216216
Model P,RandomForest,RCB-3,0.11764705882352941,0.16666666666666666,0.13793103448275862,0.5740740740740741,0.7222222222222222
Model P,XGBoost,RCB-0,0.5,0.4444444444444444,0.47058823529411764,0.7239583333333334,0.8333333333333334
Model P,XGBoost,RCB-1,0.0,0.0,0.0,0.2772397094430992,0.8813559322033898
Model P,XGBoost,RCB-2,0.3793103448275862,0.3793103448275862,0.3793103448275862,0.47996272134203166,0.5135135135135135
Model P,XGBoost,RCB-3,0.14285714285714285,0.16666666666666666,0.15384615384615385,0.4830246913580247,0.7777777777777778
Model P,LightGBM,RCB-0,0.3888888888888889,0.3888888888888889,0.3888888888888889,0.7112268518518519,0.7708333333333334
Model P,LightGBM,RCB-1,0.0,0.0,0.0,0.34503631961259074,0.8813559322033898
Model P,LightGBM,RCB-2,0.3333333333333333,0.3103448275862069,0.32142857142857145,0.4380242311276794,0.5135135135135135
Model P,LightGBM,RCB-3,0.14285714285714285,0.16666666666666666,0.15384615384615385,0.5200617283950617,0.7777777777777778
Model O,RandomForest,RCB-0,0.5,0.4444444444444444,0.47058823529411764,0.7326388888888888,0.8333333333333334
Model O,RandomForest,RCB-1,0.125,0.14285714285714285,0.13333333333333333,0.42736077481840196,0.8813559322033898
Model O,RandomForest,RCB-2,0.4782608695652174,0.3793103448275862,0.4230769230769231,0.6136999068033551,0.6756756756756757
Model O,RandomForest,RCB-3,0.15789473684210525,0.25,0.1935483870967742,0.7407407407407408,0.7037037037037037
Model O,XGBoost,RCB-0,0.4375,0.3888888888888889,0.4117647058823529,0.7627314814814815,0.8125
Model O,XGBoost,RCB-1,0.125,0.14285714285714285,0.13333333333333333,0.45641646489104104,0.8813559322033898
Model O,XGBoost,RCB-2,0.43478260869565216,0.3448275862068966,0.38461538461538464,0.6491146318732526,0.6486486486486487
Model O,XGBoost,RCB-3,0.15789473684210525,0.25,0.1935483870967742,0.7469135802469136,0.7037037037037037
Model O,LightGBM,RCB-0,0.4,0.3333333333333333,0.36363636363636365,0.7309027777777778,0.8125
Model O,LightGBM,RCB-1,0.09090909090909091,0.14285714285714285,0.1111111111111111,0.4636803874092009,0.8305084745762712
Model O,LightGBM,RCB-2,0.375,0.20689655172413793,0.26666666666666666,0.603448275862069,0.7297297297297297
Model O,LightGBM,RCB-3,0.20833333333333334,0.4166666666666667,0.2777777777777778,0.7291666666666666,0.6481481481481481
Model P+O,RandomForest,RCB-0,0.5652173913043478,0.7222222222222222,0.6341463414634146,0.8171296296296297,0.7916666666666666
Model P+O,RandomForest,RCB-1,0.16666666666666666,0.14285714285714285,0.15384615384615385,0.576271186440678,0.9152542372881356
Model P+O,RandomForest,RCB-2,0.46153846153846156,0.41379310344827586,0.43636363636363634,0.5862068965517241,0.6216216216216216
Model P+O,RandomForest,RCB-3,0.2727272727272727,0.25,0.2608695652173913,0.7407407407407407,0.8518518518518519
Model P+O,XGBoost,RCB-0,0.5789473684210527,0.6111111111111112,0.5945945945945946,0.7800925925925927,0.8333333333333334
Model P+O,XGBoost,RCB-1,0.2,0.14285714285714285,0.16666666666666666,0.612590799031477,0.9322033898305084
Model P+O,XGBoost,RCB-2,0.4642857142857143,0.4482758620689655,0.45614035087719296,0.5945945945945945,0.5945945945945946
Model P+O,XGBoost,RCB-3,0.2857142857142857,0.3333333333333333,0.3076923076923077,0.736111111111111,0.8148148148148148
Model P+O,LightGBM,RCB-0,0.5238095238095238,0.6111111111111112,0.5641025641025641,0.7789351851851852,0.7916666666666666
Model P+O,LightGBM,RCB-1,0.0,0.0,0.0,0.5714285714285714,0.8983050847457628
Model P+O,LightGBM,RCB-2,0.48148148148148145,0.4482758620689655,0.4642857142857143,0.5461323392357875,0.6216216216216216
Model P+O,LightGBM,RCB-3,0.4166666666666667,0.4166666666666667,0.4166666666666667,0.7191358024691359,0.8703703703703703
Model D,RandomForest,RCB-0,0.45454545454545453,0.2777777777777778,0.3448275862068966,0.5572916666666667,0.875
Model D,RandomForest,RCB-1,0.18181818181818182,0.5714285714285714,0.27586206896551724,0.6331719128329297,0.6949152542372882
Model D,RandomForest,RCB-2,0.5555555555555556,0.3448275862068966,0.425531914893617,0.5852749301025164,0.7837837837837838
Model D,RandomForest,RCB-3,0.06666666666666667,0.08333333333333333,0.07407407407407407,0.5154320987654322,0.7407407407407407
Model D,XGBoost,RCB-0,0.4375,0.3888888888888889,0.4117647058823529,0.572337962962963,0.8125
Model D,XGBoost,RCB-1,0.1875,0.42857142857142855,0.2608695652173913,0.6476997578692494,0.7796610169491526
Model D,XGBoost,RCB-2,0.65,0.4482758620689655,0.5306122448979592,0.6747437092264679,0.8108108108108109
Model D,XGBoost,RCB-3,0.21428571428571427,0.25,0.23076923076923078,0.6126543209876543,0.7962962962962963
Model D,LightGBM,RCB-0,0.3125,0.2777777777777778,0.29411764705882354,0.5260416666666666,0.7708333333333334
Model D,LightGBM,RCB-1,0.2,0.42857142857142855,0.2727272727272727,0.6234866828087168,0.7966101694915254
Model D,LightGBM,RCB-2,0.55,0.3793103448275862,0.4489795918367347,0.65237651444548,0.7567567567567568
Model D,LightGBM,RCB-3,0.06666666666666667,0.08333333333333333,0.07407407407407407,0.5401234567901234,0.7407407407407407
Model P+O+D,RandomForest,RCB-0,0.55,0.6111111111111112,0.5789473684210527,0.8032407407407408,0.8125
Model P+O+D,RandomForest,RCB-1,0.25,0.14285714285714285,0.18181818181818182,0.5835351089588378,0.9491525423728814
Model P+O+D,RandomForest,RCB-2,0.5517241379310345,0.5517241379310345,0.5517241379310345,0.6635601118359739,0.6486486486486487
Model P+O+D,RandomForest,RCB-3,0.23076923076923078,0.25,0.24,0.6527777777777778,0.8148148148148148
Model P+O+D,XGBoost,RCB-0,0.5555555555555556,0.5555555555555556,0.5555555555555556,0.7928240740740741,0.8333333333333334
Model P+O+D,XGBoost,RCB-1,0.16666666666666666,0.14285714285714285,0.15384615384615385,0.6464891041162227,0.9152542372881356
Model P+O+D,XGBoost,RCB-2,0.5142857142857142,0.6206896551724138,0.5625,0.6877912395153775,0.5405405405405406
Model P+O+D,XGBoost,RCB-3,0.0,0.0,0.0,0.6435185185185185,0.8703703703703703
Model P+O+D,LightGBM,RCB-0,0.631578947368421,0.6666666666666666,0.6486486486486487,0.8159722222222222,0.8541666666666666
Model P+O+D,LightGBM,RCB-1,0.25,0.2857142857142857,0.26666666666666666,0.6537530266343825,0.8983050847457628
Model P+O+D,LightGBM,RCB-2,0.6129032258064516,0.6551724137931034,0.6333333333333333,0.7054986020503262,0.6756756756756757
Model P+O+D,LightGBM,RCB-3,0.125,0.08333333333333333,0.1,0.6959876543209876,0.8703703703703703
Model K,RandomForest,RCB-0,0.29411764705882354,0.2777777777777778,0.2857142857142857,0.5677083333333333,0.75
Model K,RandomForest,RCB-1,0.13333333333333333,0.2857142857142857,0.18181818181818182,0.44794188861985473,0.7796610169491526
Model K,RandomForest,RCB-2,0.5,0.27586206896551724,0.35555555555555557,0.565703634669152,0.7837837837837838
Model K,RandomForest,RCB-3,0.16666666666666666,0.25,0.2,0.6304012345679012,0.7222222222222222
Model K,XGBoost,RCB-0,0.2777777777777778,0.2777777777777778,0.2777777777777778,0.572337962962963,0.7291666666666666
Model K,XGBoost,RCB-1,0.14285714285714285,0.2857142857142857,0.19047619047619047,0.4794188861985472,0.7966101694915254
Model K,XGBoost,RCB-2,0.5,0.3103448275862069,0.3829787234042553,0.5778191985088537,0.7567567567567568
Model K,XGBoost,RCB-3,0.25,0.3333333333333333,0.2857142857142857,0.5578703703703703,0.7777777777777778
Model K,LightGBM,RCB-0,0.2631578947368421,0.2777777777777778,0.2702702702702703,0.5758101851851852,0.7083333333333334
Model K,LightGBM,RCB-1,0.14285714285714285,0.2857142857142857,0.19047619047619047,0.45036319612590797,0.7966101694915254
Model K,LightGBM,RCB-2,0.4375,0.2413793103448276,0.3111111111111111,0.5498602050326188,0.7567567567567568
Model K,LightGBM,RCB-3,0.23529411764705882,0.3333333333333333,0.27586206896551724,0.5501543209876543,0.7592592592592593
Model P+O+D+K,RandomForest,RCB-0,0.6190476190476191,0.7222222222222222,0.6666666666666666,0.8414351851851852,0.8333333333333334
Model P+O+D+K,RandomForest,RCB-1,0.16666666666666666,0.14285714285714285,0.15384615384615385,0.4067796610169492,0.9152542372881356
Model P+O+D+K,RandomForest,RCB-2,0.5806451612903226,0.6206896551724138,0.6,0.6766076421248836,0.6486486486486487
Model P+O+D+K,RandomForest,RCB-3,0.25,0.16666666666666666,0.2,0.7067901234567902,0.8888888888888888
Model P+O+D+K,XGBoost,RCB-0,0.6470588235294118,0.6111111111111112,0.6285714285714286,0.7997685185185185,0.875
Model P+O+D+K,XGBoost,RCB-1,0.25,0.14285714285714285,0.18181818181818182,0.49878934624697335,0.9491525423728814
Model P+O+D+K,XGBoost,RCB-2,0.6111111111111112,0.7586206896551724,0.676923076923077,0.717614165890028,0.6216216216216216
Model P+O+D+K,XGBoost,RCB-3,0.3333333333333333,0.25,0.2857142857142857,0.6296296296296297,0.8888888888888888
Model P+O+D+K,LightGBM,RCB-0,0.625,0.5555555555555556,0.5882352941176471,0.7592592592592592,0.875
Model P+O+D+K,LightGBM,RCB-1,0.0,0.0,0.0,0.5108958837772397,0.9491525423728814
Model P+O+D+K,LightGBM,RCB-2,0.5526315789473685,0.7241379310344828,0.6268656716417911,0.6877912395153775,0.5405405405405406
Model P+O+D+K,LightGBM,RCB-3,0.4444444444444444,0.3333333333333333,0.38095238095238093,0.6574074074074074,0.9074074074074074
Model B,RandomForest,RCB-0,0.25,0.2222222222222222,0.23529411764705882,0.4722222222222222,0.75
Model B,RandomForest,RCB-1,0.0,0.0,0.0,0.3268765133171913,0.7457627118644068
Model B,RandomForest,RCB-2,0.5,0.3793103448275862,0.43137254901960786,0.6062441752096924,0.7027027027027027
Model B,RandomForest,RCB-3,0.07692307692307693,0.08333333333333333,0.08,0.49151234567901236,0.7777777777777778
Model B,XGBoost,RCB-0,0.25,0.2222222222222222,0.23529411764705882,0.5243055555555556,0.75
Model B,XGBoost,RCB-1,0.058823529411764705,0.14285714285714285,0.08333333333333333,0.39709443099273606,0.7288135593220338
Model B,XGBoost,RCB-2,0.5384615384615384,0.4827586206896552,0.509090909090909,0.6696178937558248,0.6756756756756757
Model B,XGBoost,RCB-3,0.14285714285714285,0.08333333333333333,0.10526315789473684,0.4714506172839506,0.8888888888888888
Model B,LightGBM,RCB-0,0.1875,0.16666666666666666,0.17647058823529413,0.47395833333333337,0.7291666666666666
Model B,LightGBM,RCB-1,0.0,0.0,0.0,0.36319612590799033,0.7627118644067796
Model B,LightGBM,RCB-2,0.52,0.4482758620689655,0.48148148148148145,0.6435228331780056,0.6756756756756757
Model B,LightGBM,RCB-3,0.09090909090909091,0.08333333333333333,0.08695652173913043,0.48765432098765427,0.8148148148148148
Model P+O+D+K+B,RandomForest,RCB-0,0.7,0.7777777777777778,0.7368421052631579,0.8668981481481481,0.875
Model P+O+D+K+B,RandomForest,RCB-1,0.3333333333333333,0.14285714285714285,0.2,0.46973365617433416,0.9661016949152542
Model P+O+D+K+B,RandomForest,RCB-2,0.5714285714285714,0.6896551724137931,0.625,0.6402609506057781,0.5945945945945946
Model P+O+D+K+B,RandomForest,RCB-3,0.25,0.16666666666666666,0.2,0.6111111111111112,0.8888888888888888
Model P+O+D+K+B,XGBoost,RCB-0,0.5384615384615384,0.3888888888888889,0.45161290322580644,0.8148148148148148,0.875
Model P+O+D+K+B,XGBoost,RCB-1,0.0,0.0,0.0,0.47215496368038745,0.9491525423728814
Model P+O+D+K+B,XGBoost,RCB-2,0.5,0.6896551724137931,0.5797101449275363,0.6915191053122087,0.4594594594594595
Model P+O+D+K+B,XGBoost,RCB-3,0.2,0.16666666666666666,0.18181818181818182,0.6033950617283951,0.8518518518518519
Model P+O+D+K+B,LightGBM,RCB-0,0.6470588235294118,0.6111111111111112,0.6285714285714286,0.7986111111111112,0.875
Model P+O+D+K+B,LightGBM,RCB-1,0.0,0.0,0.0,0.5665859564164649,0.9491525423728814
Model P+O+D+K+B,LightGBM,RCB-2,0.6,0.7241379310344828,0.65625,0.6859273066169619,0.6216216216216216
Model P+O+D+K+B,LightGBM,RCB-3,0.2727272727272727,0.25,0.2608695652173913,0.6265432098765432,0.8518518518518519
Model R,RandomForest,RCB-0,0.631578947368421,0.6666666666666666,0.6486486486486487,0.7708333333333333,0.8541666666666666
Model R,RandomForest,RCB-1,0.8571428571428571,0.8571428571428571,0.8571428571428571,0.9927360774818402,0.9830508474576272
Model R,RandomForest,RCB-2,0.6774193548387096,0.7241379310344828,0.7,0.7315936626281454,0.7297297297297297
Model R,RandomForest,RCB-3,0.4444444444444444,0.3333333333333333,0.38095238095238093,0.662037037037037,0.9074074074074074
Model R,XGBoost,RCB-0,0.4666666666666667,0.3888888888888889,0.42424242424242425,0.7569444444444444,0.8333333333333334
Model R,XGBoost,RCB-1,1.0,0.7142857142857143,0.8333333333333334,0.9878934624697336,1.0
Model R,XGBoost,RCB-2,0.5526315789473685,0.7241379310344828,0.6268656716417911,0.7735321528424977,0.5405405405405406
Model R,XGBoost,RCB-3,0.25,0.16666666666666666,0.2,0.6049382716049383,0.8888888888888888
Model R,LightGBM,RCB-0,0.4,0.3333333333333333,0.36363636363636365,0.7569444444444444,0.8125
Model R,LightGBM,RCB-1,1.0,0.7142857142857143,0.8333333333333334,0.9903147699757868,1.0
Model R,LightGBM,RCB-2,0.5384615384615384,0.7241379310344828,0.6176470588235294,0.7269338303821062,0.5135135135135135
Model R,LightGBM,RCB-3,0.2857142857142857,0.16666666666666666,0.21052631578947367,0.6203703703703703,0.9074074074074074
Model ALL,RandomForest,RCB-0,0.7222222222222222,0.7222222222222222,0.7222222222222222,0.8668981481481481,0.8958333333333334
Model ALL,RandomForest,RCB-1,1.0,0.7142857142857143,0.8333333333333334,0.9975786924939468,1.0
Model ALL,RandomForest,RCB-2,0.6388888888888888,0.7931034482758621,0.7076923076923077,0.7604846225535881,0.6486486486486487
Model ALL,RandomForest,RCB-3,0.2857142857142857,0.16666666666666666,0.21052631578947367,0.7191358024691359,0.9074074074074074
Model ALL,XGBoost,RCB-0,0.6923076923076923,0.5,0.5806451612903226,0.8576388888888888,0.9166666666666666
Model ALL,XGBoost,RCB-1,1.0,0.8571428571428571,0.9230769230769231,0.9975786924939468,1.0
Model ALL,XGBoost,RCB-2,0.5853658536585366,0.8275862068965517,0.6857142857142857,0.7539608574091333,0.5405405405405406
Model ALL,XGBoost,RCB-3,0.3333333333333333,0.16666666666666666,0.2222222222222222,0.6527777777777778,0.9259259259259259
Model ALL,LightGBM,RCB-0,0.5263157894736842,0.5555555555555556,0.5405405405405406,0.8391203703703705,0.8125
Model ALL,LightGBM,RCB-1,1.0,0.8571428571428571,0.9230769230769231,1.0,1.0
Model ALL,LightGBM,RCB-2,0.6,0.7241379310344828,0.65625,0.7511649580615098,0.6216216216216216
Model ALL,LightGBM,RCB-3,0.3333333333333333,0.16666666666666666,0.2222222222222222,0.7222222222222222,0.9259259259259259
